1,GAREA-763,storage/AVcovers/GAREA-763.jpg,3/6/2022 13:51,3/6/2022 13:51
2,HMHI-544,storage/AVcovers/HMHI-544.jpg,3/6/2022 13:51,3/6/2022 13:51
3,ASFB-119,storage/AVcovers/ASFB-119.jpg,3/6/2022 13:51,3/6/2022 13:51
4,CRMN-037,storage/AVcovers/CRMN-037.jpg,3/6/2022 13:51,3/6/2022 13:51
5,DASS-022,storage/AVcovers/DASS-022.jpg,3/6/2022 13:51,3/6/2022 13:51
6,JUL-991,storage/AVcovers/JUL-991.jpg,3/6/2022 13:51,3/6/2022 13:51
7,VENX-134,storage/AVcovers/VENX-134.jpg,3/6/2022 13:51,3/6/2022 13:51
8,JUL-959,storage/AVcovers/JUL-959.jpg,3/6/2022 13:51,3/6/2022 13:51
9,IDBD-658,storage/AVcovers/IDBD-658.jpg,3/6/2022 13:51,3/6/2022 13:51
10,IPZ-543,storage/AVcovers/IPZ-543.jpg,3/6/2022 13:51,3/6/2022 13:51
11,IPZ-500,storage/AVcovers/IPZ-500.jpg,3/6/2022 13:51,3/6/2022 13:51
12,IPZ-455,storage/AVcovers/IPZ-455.jpg,3/6/2022 13:51,3/6/2022 13:51
